Timecode,Content,Content_zh
"00:00:32,655 --> 00:00:35,274",Schafer: I need to get accustomed to money being around.,Schafer:  我需要習慣身邊有金錢的存在。
"00:00:35,274 --> 00:00:37,002",That's the thing.,就是這回事。
"00:00:37,002 --> 00:00:41,029","This is for the therapy, the physical therapy of getting me used to actually not being afraid of money.",這是為了治療，讓我習慣不再害怕金錢的物理治療。
"00:00:41,029 --> 00:00:43,249",Offscreen voice: Richard Branson does the same thing.,螢幕外聲音：理查德·布蘭森也是這樣做的。
"00:00:43,249 --> 00:00:46,755","Schafer: Ah! You guys, what is this stuff that's all over me?",Schafer:  啊！你們這些傢伙，這些東西到底是什麼，怎麼全都弄到我身上了？
"00:00:46,755 --> 00:00:48,287",Offscreen voice: Beautiful.,螢幕外聲音：漂亮。
"00:00:48,287 --> 00:00:49,552",Schafer: I can't apply it to myself..,Schafer:  我無法應用到自己身上 ..
"00:00:49,552 --> 00:00:50,632",Offscreen voice: Oh my God.,螢幕外聲音：我的天啊。
"00:00:50,632 --> 00:00:52,113",Schafer: I can't self-terminate.,Schafer:  我無法自我終止。
"00:00:52,113 --> 00:00:53,470",Offscreen voice: Help me apply money.,螢幕外聲音：幫我應用金錢。
"00:00:53,470 --> 00:00:55,872",Schafer: I can't self-monetize.,Schafer:  我無法自我貨幣化。
"00:01:23,360 --> 00:01:27,120","Schafer: So this is a more recent, uh point-and-click adventure game.",Schafer:  所以這是最近的，呃，點選冒險遊戲。
"00:01:27,186 --> 00:01:29,962","I have to show you someone else's, because I haven't made one in a long time.",我得給你展示別人的作品，因為我已經很久沒做過了。
"00:01:29,962 --> 00:01:31,565",I used to make them back in the '90s.,我以前在 90 年代就開始做。
"00:01:31,565 --> 00:01:33,569",This is Machinarium.,這是  Machinarium。
"00:01:33,569 --> 00:01:35,512",You role play this little robot and you click around.,你扮演一個小機器人，然後你點選周圍。
"00:01:35,512 --> 00:01:41,245","And these kind of games, you walk the character around by clicking on the ground somewhere and pull on this handle here.",在這類遊戲中，你透過在地面上某處點選來移動角色，然後拉這個手柄。
"00:01:41,245 --> 00:01:43,987",And then I can make this mine cart come through the room.,然後我可以讓這個礦車透過房間。
"00:01:43,987 --> 00:01:45,529",Shahani: I'm sorry. What's that?,Shahani:  抱歉。那是什麼？
"00:01:45,529 --> 00:01:47,657","Schafer: I pulled this handle, oh, that's right.",Schafer:  我拉了這個手柄，哦，對了。
"00:01:47,657 --> 00:01:49,968",This doesn't work until I do this.,這在我做這個之前不起作用。
"00:01:49,968 --> 00:01:52,188",That's what a lot of adventure game playing is like.,這就是很多冒險遊戲的玩法。
"00:01:52,188 --> 00:01:54,622","You're like, oh, this doesn't, why doesn't this work?",你會想，哦，這不行，為什麼這個不工作？
"00:01:54,622 --> 00:01:56,166","Oh, I need this gear first.",哦，我需要先得到這個齒輪。
"00:01:56,166 --> 00:01:57,984",I need to get the gear on the sprocket.,我需要把齒輪裝在鏈輪上。
"00:01:57,984 --> 00:01:59,710","And so they're, they move at a slower pace.",所以他們進展比較慢。
"00:01:59,710 --> 00:02:01,775",And some people really like that.,有些人真的喜歡這樣。
"00:02:01,775 --> 00:02:10,126",But it also means they're not exactly as attention-getting and as visceral and maybe as a big block buster action game.,但這也意味著它們不如引人注目、直觀，或許也不像大型動作遊戲那樣成為大片。
"00:02:10,126 --> 00:02:14,565","And it led us to this point now where it's really hard to get one of these games made these days,",而這也使我們到現在這個地步，如今要製作這類遊戲真的很難，
"00:02:14,565 --> 00:02:17,308",or at least get funding for it from a publisher.,或者至少很難從出版商那裡獲得資金。
"00:02:17,308 --> 00:02:20,513","Shahani: Before getting into all that, what put you on the map?",Shahani:  在談論這些之前，什麼讓你出名了？
"00:02:20,513 --> 00:02:24,919","Like, just describe the game that got you into game famous.",就像，描述一下讓你成名的遊戲。
"00:02:24,919 --> 00:02:26,615",Schafer: Game famous.,Schafer:  成名的遊戲。
"00:02:26,615 --> 00:02:30,807","You know, we just, each game we made in the '90s, we got a little more recognition for it.",你知道，90 年代我們每做一個遊戲，認可度都稍微提升了一點。
"00:02:30,807 --> 00:02:34,995","And we were always pretty savvy about getting our names on the box, you know, so we're, hey.",而且我們一直很擅長把自己的名字放在盒子上，所以我們說，嘿。
"00:02:34,995 --> 00:02:39,305","You know, you have to kind of act like you're famous before you're famous.",你知道，你得先裝出你很有名的樣子，然後才會真的有名。
"00:02:41,800 --> 00:02:42,520",That sounds funny.,那聽起來很有趣。
"00:02:42,660 --> 00:02:45,280",I learned that from an interview with David Lee Roth about Van Halen.,我從對大衛·李·羅斯關於範·海倫的訪談中學到這點。
"00:02:45,287 --> 00:02:47,230",Like we always acted like we were hot shit.,就像我們總是裝出自己很厲害的樣子。
"00:02:47,230 --> 00:02:51,145","We had a big hit, Full Throttle, it's called Full Throttle and it sold a million copies",我們有一個大熱門《猛衝》，就叫《猛衝》，賣了一百萬份。
"00:02:51,145 --> 00:02:54,257",and that was really big for those PC graphic adventures.,對於那些 PC 圖形冒險遊戲來說，那真是非常大。
"00:02:54,257 --> 00:02:58,941",And then I made a game called Grim Fandango and that won Game of the Year with Game Spot,然後我做了一個叫《Grim Fandango》的遊戲，並且獲得了 Game Spot 的年度遊戲獎，
"00:02:58,941 --> 00:03:01,347",and that was the big thing that helped a lot.,這對我們幫助很大。
"00:03:01,347 --> 00:03:05,978","Grim Fandango is set in the Land of the Dead, yeah.",《Grim Fandango》的故事發生在死者之地，是的。
"00:03:05,978 --> 00:03:12,050","And it was, it sold about half a million units and it was seen as not being commercially successful.",它賣出了大約五十萬份，但被認為商業上不成功。
"00:03:12,050 --> 00:03:14,792",And it was one of the reasons that adventure games died.,這也是冒險遊戲消亡的原因之一。
"00:03:14,792 --> 00:03:19,468","I mean, I heard a friend of mine, who worked in another game company, saying we tried to get an adventure game made",我的一個朋友在另一家遊戲公司工作，說我們試圖製作一個冒險遊戲
"00:03:19,468 --> 00:03:23,350","and they said, well look, you know, Grim Fandango didn't do that well.",他們說，嗯，看，《Grim Fandango》表現不佳。
"00:03:23,350 --> 00:03:26,493","So obviously, you know, it was a good game, it won Game of the Year.",所以顯然，它是一個好遊戲，獲得了年度遊戲獎。
"00:03:26,493 --> 00:03:31,610","And if Game of the Year can't sell, you know, as many copies as it needs to, then maybe that genre's dead.",如果年度遊戲獎不能賣出足夠的複製，那麼也許這個型別已經死了。
"00:03:31,610 --> 00:03:37,750",So I feel some responsibility to make a good game and make it do well.,所以我覺得有責任做一個好遊戲並讓它做得好。
"00:03:39,020 --> 00:03:40,180",Rice: He's been excited about it.,Rice:  他對此感到興奮。
"00:03:40,180 --> 00:03:46,947","I mean, he's wanted to return to adventure games for a while and it's just been a matter of not knowing how to make that happen.",我的意思是，他一直想回到冒險遊戲，但只是一直不知道如何實現。
"00:03:46,947 --> 00:03:53,756","Schafer: But fans are always saying they would want, they want one, but a publisher would say, we can't make money doing those.",Schafer:  但粉絲們總是說他們想要一個，但出版商會說，我們做那些遊戲賺不到錢。
"00:03:53,756 --> 00:04:00,773","So something like Kickstarter shows up, which is this crowd sourcing website, where everybody can back a project.",所以像 Kickstarter 這樣的群眾募資網站出現了，每個人都可以支援一個專案。
"00:04:00,773 --> 00:04:06,310","You pitch your project and you get backers and then if you meet your goals, you get the money and you build your project.",你展示你的專案，然後獲得支持者，如果你達到目標，就獲得資金並建立你的專案。
"00:04:06,310 --> 00:04:10,468","Doing an adventure game is interesting, because it's the only, like the only way you could do that,",做一個冒險遊戲很有趣，因為這是唯一的方式，
"00:04:10,468 --> 00:04:14,319","letting the fans like, kind of put their money where their mouth is.",讓粉絲們可以實現他們的意願。
"00:04:14,319 --> 00:04:15,738",Is it that? Wait a second.,是這樣嗎？等等。
"00:04:15,738 --> 00:04:17,219",Did I get that backwards? Yeah.,我是不是搞反了？對。
"00:04:17,219 --> 00:04:18,267","Host: No, you're right. Yeah.",Host:  不，你是對的。是的。
"00:04:18,267 --> 00:04:21,476","Some loud mouth fan, no, I don't want to buy Trenched, but what about an adventure game?",一些喋喋不休的粉絲，說，我不想買《Trenched》，但冒險遊戲怎麼樣？
"00:04:21,476 --> 00:04:23,541",Schafer: Exactly.,Schafer:  完全正確。
"00:04:23,541 --> 00:04:24,837",Shahani: Explain your Kickstarter campaign.,Shahani:  解釋你的 Kickstarter 活動。
"00:04:24,837 --> 00:04:26,596",What have you just done?,你剛剛做了什麼？
"00:04:26,596 --> 00:04:29,676",Schafer: Yeah. What have we done?,Schafer:  是的。我們做了什麼？
"00:04:29,676 --> 00:04:31,835","Schafer: Oh, sorry. I didn't see you there.",Schafer:  哦，抱歉。我沒看到你。
"00:04:31,835 --> 00:04:35,184",You caught me indulging in one of my many impressive hobbies.,你抓到我在沉迷於我眾多令人印象深刻的愛好中的一個。
"00:04:35,184 --> 00:04:36,727",I'm Tim Schafer.,我是 Tim Schafer。
"00:04:36,727 --> 00:04:39,223",Schafer: And so we put a pitch video up where we said we want to make a game.,Schafer:  所以我們上傳了一個簡報影片，說我們想做一個遊戲。
"00:04:39,223 --> 00:04:44,402","And the idea was, what if we made one of these adventure games that most publishers don't want to fund these days?",而這個想法是，如果我們做一個現在大多數出版商不想資助的冒險遊戲，會怎麼樣？
"00:04:44,402 --> 00:04:47,380",And one of my favorite types of games to make is adventure games.,而且我最喜歡做的遊戲型別之一就是冒險遊戲。
"00:04:47,380 --> 00:04:51,851","But these days, it seems like adventure games are almost a bit of a lost art form.",但如今，冒險遊戲似乎幾乎成為一種失傳的藝術形式。
"00:04:51,851 --> 00:04:56,339",They exist in our dreams and our memories and in Germany.,它們存在於我們的夢中和記憶中，還有在德國。
"00:04:56,339 --> 00:05:00,872",Schafer: Maybe that would get people excited about getting a chance to do something that couldn't be funded any other way.,Schafer:  也許那會讓人們對有機會做一些無法透過其他方式資金的事情感到興奮。
"00:05:00,872 --> 00:05:02,168",Schafer: It's perfect.,Schafer:  這很完美。
"00:05:02,168 --> 00:05:03,863",We got the perfect team here at Double Fine to make it.,我們在 Double Fine 有一個完美的團隊來做它。
"00:05:03,863 --> 00:05:06,386","We got the inventor of the genre here, Ron Gilbert.",我們有這個型別的發明者，Ron Gilbert。
"00:05:06,386 --> 00:05:08,668","Oh, look! There he is right now.",哦，看！他現在就在這裡。
"00:05:08,668 --> 00:05:11,438",Maybe he'll help us.,也許他會幫助我們。
"00:05:12,960 --> 00:05:13,920",He'll help us.,他會幫助我們。
"00:05:13,969 --> 00:05:18,686","Gilbert: You know, we've always talked about wanting to do, you know, more classic adventure stuff.",Gilbert:  你知道，我們總是談論想要做，呃，更經典的冒險遊戲。
"00:05:18,686 --> 00:05:24,665","And so doing the Kickstarter thing, it's like, yeah, that sounds, I mean, that sounds really like an interesting idea.",所以做 Kickstarter 的事情，感覺像，嗯，那聽起來，這聽起來真是一個有趣的想法。
"00:05:24,665 --> 00:05:29,210",I think we were both very skeptical about the amount of money.,我覺得我們倆對於需要的金額都很懷疑。
"00:05:29,210 --> 00:05:34,327","Schafer: So, we are asking for this much to make the game and this much to film it.",Schafer:  所以，我們請求了這麼多來製作遊戲，這麼多來拍攝它。
"00:05:34,327 --> 00:05:38,079","And that may seem like a lot of money, but it's really not that much for a game budget these days.",這看起來可能很多，但對於如今的遊戲預算來說，其實並沒有那麼多。
"00:05:38,079 --> 00:05:39,683","It's pretty small, actually.",其實相當少。
"00:05:39,683 --> 00:05:43,496",Schafer: And I just never thought you could get the kind of money that would actually pay for a whole game budget.,Schafer:  而我從來沒想過你能從中獲得足夠支付整個遊戲預算的資金。
"00:05:43,496 --> 00:05:45,715","Schafer: Hello, potential backers.",Schafer:  你好，潛在的支持者們。
"00:05:45,715 --> 00:05:47,166",I could do all three options.,我可以做所有三個選項。
"00:05:47,166 --> 00:05:49,724",Thank you for donating well over the amount we asked for.,感謝你們捐贈遠超我們所要求的金額。
"00:05:49,724 --> 00:05:50,989",That's so great.,這太棒了。
"00:05:50,989 --> 00:05:53,085",We have too much money now.,我們現在有太多錢了。
"00:05:53,085 --> 00:05:54,288",Damn you!,該死！
"00:05:54,288 --> 00:05:56,755",Why haven't anyone given us any money?,為什麼沒有任何人給我們錢？
"00:05:56,755 --> 00:05:58,297",I'm so sad.,我好難過。
"00:05:58,297 --> 00:06:00,733",That doesn't seem believable.,這看起來不可信。
"00:06:00,733 --> 00:06:02,265","Yeah, we're not going to use that one.",是的，我們不會用那一個。
"00:06:02,265 --> 00:06:03,684","Or just moderately, hello.",或者只是適度的，您好。
"00:06:03,684 --> 00:06:07,013",Thank you for dedicating the appropriate amount of... ,感謝你們捐贈了適當的金額 ...
"00:06:07,013 --> 00:06:11,514","Schafer: Because the previous projects in Kickstarter had only been, I don't know what the maximum was before then,",Schafer:  因為之前的 Kickstarter 專案只有，我不知道之前的最高是多少，
"00:06:11,514 --> 00:06:13,796",but it looked like they're like forty grand.,但看起來像是四萬美元。
"00:06:13,796 --> 00:06:17,494","You know, I mean, we're used to making projects that were like, you know, Brütal.",你知道，我們習慣於製作像，《Br ü tal》那樣的專案。
"00:06:17,494 --> 00:06:19,990","Like 20 million dollars and these smaller games, like two million.",像兩千萬美元的專案和這些較小的遊戲，像兩百萬。
"00:06:19,990 --> 00:06:22,733","It was like, no way you can get two million from Kickstarter.",這就像，你不可能從 Kickstarter 那裡獲得兩百萬。
"00:06:22,733 --> 00:06:24,031",Could you?,可以嗎？
"00:06:24,031 --> 00:06:27,238","Schafer: I hope this works out, because it is kind of, that enough people got together,",Schafer:  我希望這能成功，因為這確實是，足夠的人聚集在一起，
"00:06:27,238 --> 00:06:29,334",are they going to actually make a game like this happen?,他們真的會實現這樣一個遊戲嗎？
"00:06:29,334 --> 00:06:34,760","A game like, that we haven't really been able to make happen for business reasons for like, many, many years.",一個遊戲，我們因為商業原因多年來一直無法實現的遊戲。
"00:06:34,760 --> 00:06:37,934",Gilbert: Or we'll just prove all those publishers right.,Gilbert:  或者我們只是證明所有那些出版商是對的。
"00:06:37,934 --> 00:06:41,784",Schafer: Or we'll just prove them all right.,Schafer:  或者我們只是證明他們是對的。
"00:07:03,980 --> 00:07:08,247","Schafer: No, I mean nothing I had done before prepared me for what it's like to work with publishers.",Schafer:  不，之前做的一切都沒能讓我準備好與出版商合作的感覺。
"00:07:08,247 --> 00:07:14,259","Rice: When you're working with a publisher, a lot of times they get involved with design decisions.",Rice:  當你與出版商合作時，他們很多時候會參與設計決策。
"00:07:14,259 --> 00:07:16,816",And you have to make compromises.,你必須做出妥協。
"00:07:16,816 --> 00:07:23,229","Gilbert: You know, if a publisher is out there, from the outside kind of poking in and making you do things.",Gilbert:  你知道，如果有一個出版商，從外部幹預，讓你做某些事情。
"00:07:23,229 --> 00:07:26,219","You know, that's where I think things can kind of come off the rails.",你知道，我認為這就是事情可能偏離軌道的地方。
"00:07:26,219 --> 00:07:31,398","Schafer: And the way it felt, I don't know if this makes any sense, but my head, like the creative process of making a game was like,",Schafer:  當時的感覺，不知道這是否有意義，但創作遊戲的創意過程就像，
"00:07:31,398 --> 00:07:36,886","you look at a field of floating, multi-colored dots, drifting slowly to the ground.",你看著一片漂浮的、多色的點，慢慢漂向地面。
"00:07:36,886 --> 00:07:40,587","And eventually when they hit the ground, they're going to make like a painting on the floor.",最終當它們觸地時，會像地板上的一幅畫一樣。
"00:07:40,587 --> 00:07:43,146","But you've got to kind of like move them around, give them the right and see.",但你必須有點移動它們，給它們對的顏色。
"00:07:43,146 --> 00:07:50,081","And then as they fall, you start to see where you need more color and you move them around and slowly they settle and you just add a sound.",然後當它們下落時，你開始看到哪裡需要更多的顏色，然後移動它們，慢慢地它們定型，你只需要新增聲音。
"00:07:50,081 --> 00:07:51,376",And then you're done.,然後你就完成了。
"00:07:51,376 --> 00:07:54,212","So it'd be like, Tim, what do you do with that green dot?",所以會是，Tim，你打算怎麼處理那個綠點？
"00:07:54,212 --> 00:07:55,632","Phew, I can't tell you.",嘖，我不能告訴你。
"00:07:55,632 --> 00:07:57,083","You're like, ok, that dot?",你說，好的，那個點？
"00:07:57,083 --> 00:07:58,131",Can we just nail that down here.,我們能不能就將它釘在這裡。
"00:07:58,131 --> 00:07:59,151",Can we just say what that's going to be?,我們能不能就說那會是什麼？
"00:07:59,151 --> 00:08:00,200","And you're like, no.",然後你說，不。
"00:08:00,200 --> 00:08:01,558","So let's just say where all the red dots are going to be, ok.",所以讓我們就說所有的紅點將會是，好的。
"00:08:01,558 --> 00:08:02,823",Could you just nail all the red dots down?,你能不能把所有紅點釘下來？
"00:08:02,823 --> 00:08:03,996","Like, no!",不！
"00:08:03,996 --> 00:08:08,283","How about if we just start on this edge and we just take all the dots, like this and just nail all those dots.",那如果我們只從這邊開始，然後我們就把所有點，像這樣，釘下來。
"00:08:08,283 --> 00:08:09,546",No!,不！
"00:08:09,546 --> 00:08:15,374","Rice: Yeah. The games industry as a whole, I think, is in a really weird spot where it's like we're,",Rice:  是的。整個遊戲產業，我認為，處於一個非常奇怪的位置，就像過去的電影產業一樣。
"00:08:15,374 --> 00:08:19,257",like the film industry used to be way back in the day.,就是出版商主導著大部分一切。
"00:08:19,257 --> 00:08:21,909",Where the publishers are running mostly everything.,這種情況存在了很長一段時間，直到現在人們才開始
"00:08:21,909 --> 00:08:26,410",That's kind of how it was for a long time and it's only now that people are starting to like,", 尋找遊戲創作者。"""
"00:08:26,410 --> 00:08:29,175",seek out the creators of the games.,也就是說，尋找那些製作遊戲的人，並試圖實際支援那些人，提升他們。
"00:08:29,175 --> 00:08:34,046",That people who are making the game and try to actually support those people and lift them up a bit.,年輕人：因為 Tim Schafer 一直在推出高品質的遊戲。
"00:08:34,046 --> 00:08:38,197",Young Man: Because Tim Schafer has consistently put out quality games.,男人：遊戲擁有非常龐大且忠實的粉絲群。
"00:08:38,197 --> 00:08:42,296",Man: Games that have very large and dedicated followings.,男人：人們可能會付錢只為了讓他們的螢幕上噴口水。
"00:08:42,296 --> 00:08:46,303",Man: People would probably pay him just to spit on their screen.,年輕人：我們很感激這一點。
"00:08:46,303 --> 00:08:48,215",Young Man: And we do appreciate that.,我們透過做我們所做的來表達感激。
"00:08:48,215 --> 00:08:51,020",We show our appreciation by doing what we've done.,透過在八小時內為這個遊戲提供資金。
"00:08:51,020 --> 00:08:55,243",By giving them the funding for this game in eight hours.,Rice:  整個過去這個月都像是完全的模糊。
"00:08:55,243 --> 00:08:58,449",Rice: The whole like past month has been like a complete blur.,時間過得如此之快。
"00:08:58,449 --> 00:09:00,854",It's gone so quick.,但是，是的，我們在發布的那天在拉斯維加斯參加 DICE。
"00:09:00,854 --> 00:09:05,447","But, yeah, we were in Vegas for DICE the day that we launched.",Schafer:  我們過去一個月很艱難，因為我們的一個遊戲被取消了。
"00:09:05,447 --> 00:09:08,960","Schafer: And we'd had a hard month, because we had a game cancel.",整個團隊，我們在試圖弄清楚，是否能讓這個團隊繼續留下來
"00:09:08,960 --> 00:09:13,616","The whole team, we're trying to figure out whether we could swing having this team stay on",還是我們不得不解僱 12 人來維持公司運轉？
"00:09:13,616 --> 00:09:17,006",or do we have to let go of twelve people to keep the company afloat?,我們不得不解僱 12 人來維持公司運轉？
"00:09:17,006 --> 00:09:20,078",We've never laid off anyone for money before.,我們以前從未因為資金問題解僱過任何人。
"00:09:20,078 --> 00:09:26,772","So we were, and even besides the financial concerns, it was just such a, it doesn't feel like you're winning when you have a game canceled.",所以我們，除了財務上的擔憂，當你一個遊戲被取消時，感覺就像沒有贏。
"00:09:26,772 --> 00:09:30,532","You feel like it's a big, you know, you've lost.",你感覺像是輸了。
"00:09:30,532 --> 00:09:33,677",Schafer: I'm about to launch our first Kickstarter project.,Schafer:  我們即將啟動我們的第一個 Kickstarter 專案。
"00:09:33,677 --> 00:09:38,456","Rice: It kind of just all came together right when we were out there and we had a bit of time before a meeting and we're like,",Rice:  就在我們在那裡的時候，一切都剛好聚在一起，我們在會議前有點時間，我們就決定，
"00:09:38,456 --> 00:09:39,907",we could launch this today.,今天我們可以啟動它。
"00:09:39,907 --> 00:09:42,928","Schafer: Yeah, I did have to like decide, well, we'll launch our Kickstarter.",Schafer:  是的，我確實必須決定，好，我們將啟動我們的 Kickstarter。
"00:09:42,928 --> 00:09:45,394","That, for time, we're like I guess $200,000.",那，就時間而言，我們大概需要 20 萬美元。
"00:09:45,394 --> 00:09:47,305","We could make something for $200,000.",我們可以用 20 萬美元來做一些事情。
"00:09:47,305 --> 00:09:51,159","And I had to accept it, I might only get $200,000, right?",然後我必須接受，可能我只能得到 20 萬美元，對嗎？
"00:09:51,159 --> 00:09:54,550","And then when I was nervous about it, so I upped it to three, right.",當我對此感到緊張時，我就將目標提高到 30 萬。
"00:09:54,550 --> 00:09:58,002","And so it was like, yeah, we can make something for $300,000.",所以我們說，對，我們可以用 30 萬美元來做一些事情。
"00:09:58,002 --> 00:09:59,389",Because we could.,因為我們可以。
"00:09:59,389 --> 00:10:03,645","You know, we'd been talking about iPhone games recently and it's like three people for six months or something like that.",你知道，我們最近一直在談論 iPhone 遊戲，就像三個人工作六個月之類的。
"00:10:03,645 --> 00:10:05,435","Yeah, we could make something with three people and six months.",是的，我們可以用三個人和六個月來做一些事情。
"00:10:05,435 --> 00:10:11,581","It would look like a flash game or it'd look like an iPhone game, but it would technically be a game.",它看起來像是一個 Flash 遊戲或者像是一個 iPhone 遊戲，但從技術上來說是一個遊戲。
"00:10:11,581 --> 00:10:13,811",By all scientific definitions.,按照所有科學定義。
"00:10:13,811 --> 00:10:16,890",Schafer: I'm nervous.,Schafer:  我感到緊張。
"00:10:17,840 --> 00:10:18,400",Launch.,啟動。
"00:10:22,040 --> 00:10:23,220","Review, i'll have to review it.",審查，我得審查它。
"00:10:23,500 --> 00:10:27,140","Rice: Oh, man. That was such a letdown!",Rice:  哦，天啊。那真是令人失望！
"00:10:27,150 --> 00:10:29,339","Schafer: OK. No, no, that's just fine print.",Schafer:  好的。不，沒關係，那只是細則。
"00:10:29,339 --> 00:10:32,329",It's just that I never read these things.,只是我從來沒看過這些東西。
"00:10:32,329 --> 00:10:33,471",Should I do it?,我應該看嗎？
"00:10:33,471 --> 00:10:34,736","Rice: Yeah, do it.",Rice:  是的，去看吧。
"00:10:34,736 --> 00:10:36,464","Schafer: It couldn't hurt, right?",Schafer:  這不會有壞處，對嗎？
"00:10:36,464 --> 00:10:38,067","Rice: It could, but we're not going to let it.",Rice:  可能會有，但我們不會放過它。
"00:10:38,067 --> 00:10:41,025",Schafer: Whoo!,Schafer:  喔！
"00:10:41,500 --> 00:10:45,374","Rice: I remember like as soon as we hit it up and we refresh, it was like at $30.",Rice:  我記得一旦我們重新整理，它就顯示 30 美元。
"00:10:45,374 --> 00:10:47,910","We're like, holy crap! There's already $30.",我們說，天啊！  已經有 30 美元了。
"00:10:47,910 --> 00:10:50,409","Schafer: I think I'm going to look at how much, I don't care about money.",Schafer:  我想我去看看有多少，我不在乎錢。
"00:10:50,409 --> 00:10:55,405","I'm not going to look. I'm going to look, just one second.",我不會去看。我去看，一秒鐘。
"00:10:55,405 --> 00:10:57,688",Rice: What are we at?,Rice:  我們現在多少了？
"00:10:57,688 --> 00:10:59,911","OK, so we posted this, what? Two hours ago, right?",好的，我們發布了這個，什麼？兩個小時前，對嗎？
"00:10:59,911 --> 00:11:01,504",Schafer: Two hours ago.,Schafer:  兩個小時前。
"00:11:01,504 --> 00:11:03,756",We launched our Kickstarter project two hours ago.,我們兩個小時前啟動了我們的 Kickstarter 專案。
"00:11:03,756 --> 00:11:07,889","$106,000 in 56.","106,000 美元，在 56。"
"00:11:07,889 --> 00:11:10,848","A hundred and six, I can't count so high.",一百零六，我數不過來。
"00:11:10,848 --> 00:11:12,976","It's such a high number, that's crazy.",這個數字太高了，真瘋狂。
"00:11:12,976 --> 00:11:14,918",It's too much money.,這太多錢了。
"00:11:14,918 --> 00:11:19,637","Rice: Yeah. So when we hit a million, that was definitely like, that was the day after.",Rice:  是的。當我們達到一百萬，那絕對是在第二天。
"00:11:19,637 --> 00:11:21,427","One day after we launched, right?",發布一天後，對嗎？
"00:11:21,427 --> 00:11:22,783",Rice: What are we at?,Rice:  我們現在多少了？
"00:11:22,783 --> 00:11:25,304",Schafer: I want to just say I love you guys and not for the money.,Schafer:  我想說我愛你們，不是為了錢。
"00:11:25,304 --> 00:11:27,121","Offscreen: 999,700!","螢幕外：999,700！"
"00:11:28,600 --> 00:11:31,040","Muir: Oh my god, they're counting down to a refresh.",Muir:  我的天啊，他們在倒計時重新整理了。
"00:11:31,589 --> 00:11:32,529",F5!,F5!
"00:11:39,560 --> 00:11:40,840",Muir: Oh my God! It's so exciting.,Muir:  我的天啊！太令人興奮了。
"00:11:40,957 --> 00:11:43,360",Rice: What's the number?,Rice:  多少錢？
"00:11:43,680 --> 00:11:46,780",Offscreen: Refresh! Refresh!,螢幕外：重新整理！重新整理！
"00:11:47,040 --> 00:11:48,615",Min: The internet has crashed.,Min:  網路崩潰了。
"00:11:48,960 --> 00:11:50,840",No!,不！
"00:11:51,360 --> 00:11:52,700",Min: The internet has crashed.,Min:  網路崩潰了。
"00:11:53,699 --> 00:11:54,979",Rice: And what? No!,Rice:  什麼？不！
"00:11:56,520 --> 00:11:57,560",Schafer: Where's my phone?,Schafer:  我的手機在哪裡？
"00:11:57,820 --> 00:11:59,080",Muir: The Internet's crashed.,Muir:  網路崩潰了。
"00:11:59,960 --> 00:12:04,614",[Offscreen Yelling] [Distortion],[ 螢幕外叫喊 ] [ 失真 ]
"00:12:05,740 --> 00:12:07,180",I think they all died. They're dying!,我覺得他們都死了。他們在死！
"00:12:11,300 --> 00:12:12,860",Are you guys ok? What happened?,你們好嗎？發生了什麼？
"00:12:14,610 --> 00:12:16,677","Oh, they're being crushed. It's horrible.",哦，他們被壓扁了。太可怕了。
"00:12:16,677 --> 00:12:19,737","Muir: Oh, no! No!",Muir:  哦，不！不！
"00:12:21,640 --> 00:12:22,480",What happened?,發生了什麼？
"00:12:23,040 --> 00:12:27,580",[Distortion] Muir: It's a million dollars!, [ 失真 ] Muir:  那是一百萬美元！
"00:12:27,611 --> 00:12:28,233",Rice: Is it?,Rice:  是嗎？
"00:12:28,233 --> 00:12:29,973",Muir: That's what a million dollars sounds like.,Muir:  這就是一百萬美元的感覺。
"00:12:30,440 --> 00:12:32,080",Offscreen: What do you mean it crashed?,螢幕外 :  這是什麼意思，崩潰了？
"00:12:32,820 --> 00:12:34,100",Offscreen: Kickstarter crashed.,螢幕外 : Kickstarter 崩潰了。
"00:12:37,520 --> 00:12:39,000",Muir: Kickstarter crashed!,Muir: Kickstarter 崩潰了！
"00:12:39,390 --> 00:12:40,790",Schafer: No.,Schafer:  不。
"00:12:40,960 --> 00:12:52,720","[Offscreen yelling] Rice: Yeah, that was definitely one of the high points,",[ 螢幕外叫喊 ] Rice:  是的，那絕對是高光時刻之一，
"00:12:52,866 --> 00:12:56,318","where it was like, holy crap -- This is a huge thing.",當時感覺像，天啊——這是一件大事。
"00:12:56,318 --> 00:12:58,476",Muir: Whoo! A million in 24 hours.,Muir:  喔！兩百四十小時內一百萬美元。
"00:12:58,476 --> 00:13:00,853","Tim Schafer, you just made a million dollars in 24 hours!",Tim Schafer，你剛剛在 24 小時內賺了一百萬美元！
"00:13:00,853 --> 00:13:03,442","What do you, what are you doing?",你，  你在做什麼？
"00:13:03,442 --> 00:13:05,355",Schafer: Yeah! I got to make a game.,Schafer:  是的！我要做一個遊戲。
"00:13:05,355 --> 00:13:10,448","Newscaster: Over the last few days, Tim Schafer from Double Fine took crowd funding site, Kickstarter to fund his next game.",新聞播報員：在過去的幾天裡，Double Fine 的 Tim Schafer 利用群眾募資網站 Kickstarter 資助他的下一個遊戲。
"00:13:10,448 --> 00:13:12,638",Schafer: It feels like a happening. You know what I mean?,Schafer:  感覺像是一場盛事。你懂我的意思嗎？
"00:13:12,638 --> 00:13:14,241",Like it feels like an event.,就像是一個事件一樣。
"00:13:14,241 --> 00:13:16,401",Newscaster: They're raising money at a clip of a thousand dollars per minute.,新聞播報員：他們正在以每分鐘一千美元的速度籌款。
"00:13:16,401 --> 00:13:17,697",It's incredible.,這真是難以置信。
"00:13:17,697 --> 00:13:19,270",Host: One question that is on everybody's mind.,主持人：大家都在問一個問題。
"00:13:19,270 --> 00:13:20,660",You get the million dollars.,你得到這一百萬美元了。
"00:13:20,660 --> 00:13:22,541",Did you immediately withdraw it all?,你是立刻全部提取了嗎？
"00:13:22,541 --> 00:13:26,055",Put it into a vault and then dive into it like Scrooge McDuck style?,把它放進保險箱，然後像唐老鴨一樣潛水？
"00:13:26,055 --> 00:13:29,602","Schafer: Then during Kickstarter, it made it, I don't know what it was,",Schafer:  然後在 Kickstarter 期間，它達到了，我不知道當時是多少，
"00:13:29,602 --> 00:13:34,805",but it made everyone just take that big basket of money and shake it out over our heads.,但它讓每個人都拿著那籃大錢袋晃動，扔在我們頭上。
"00:13:34,805 --> 00:13:38,100","It really was like the end of ""It's a Wonderful Life"".",這真的像《美好人生》的結局。
"00:13:38,360 --> 00:14:00,320",[Music] Offscreen: So excited.,[ 音樂 ]  螢幕外：太興奮了。
"00:14:02,820 --> 00:14:04,080",Offscreen: Thumbs up?,螢幕外：豎大拇指嗎？
"00:14:04,347 --> 00:14:07,335","Man: Thumbs up, yes.",男人：豎大拇指，對。
"00:14:08,240 --> 00:14:09,640",That was pretty amazing.,那太棒了。
"00:14:11,660 --> 00:14:15,340","I told you, adventure games are not dead!",我跟你說，冒險遊戲沒有死！
"00:14:15,740 --> 00:14:19,512",The thing that I noticed was that it was just such a morale boost to the whole team.,我注意到的事情是，這對整個團隊是一個極大計程車氣提升。
"00:14:19,512 --> 00:14:25,123","And you know, I think it just felt like a lot of goodwill and love coming towards the company and everyone got super excited about it.",你知道，我認為這感覺像有很多善意和愛心湧向公司，每個人都對此感到非常興奮。
"00:14:25,123 --> 00:14:29,071","And because it was like this feeling of like, we knew those people were there, we knew they were.",而且因為有這種感覺，像，我們知道那些人在那裡，我們知道他們在。
"00:14:29,071 --> 00:14:31,199","But, because sometimes they don't show up when you make a game.",但有時候他們在你做遊戲時不會出現。
"00:14:31,199 --> 00:14:34,768","You know, you make a game, you release it, you know, like I thought it was going to sell a lot and it didn't.",你知道，你做遊戲，發布它，像我以為它會賣得很好，結果沒有。
"00:14:34,768 --> 00:14:39,025","You're like, where are all those people that it feels like, there's all this goodwill out there.",你就會想，那些人都在哪裡，感覺上有這麼多善意在外。
"00:14:39,025 --> 00:14:40,352",Man #1: It's two million.,男人 #1：兩百萬。
"00:14:40,352 --> 00:14:43,189",Man #2: One of us has to stop shaving.,男人 #2：我們其中一個人必須停止刮鬍子。
"00:14:43,189 --> 00:14:47,622",Man #2: He has to shave my scrotum if it gets to two million.,男人 #2：如果到兩百萬，他得在鏡頭前刮我的陰囊。
"00:14:48,740 --> 00:14:50,840",Man #1: Only if he agrees to do it on camera.,男人 #1：只有他同意在鏡頭前做。
"00:14:51,418 --> 00:14:54,193",Offscreen: Congratulations.,螢幕外：恭喜。
"00:14:54,193 --> 00:14:57,586",Schafer: It had been a long time since we had experience where it felt like we were the winners.,Schafer:  已經很久沒有經歷過感覺像是贏家的時刻了。
"00:14:57,586 --> 00:15:03,959","We were at DICE and I was walking through DICE, feeling like a winner, which is really kind of like,",我們在 DICE，我走在 DICE 會場，感覺像贏家，這真是有點，
"00:15:03,959 --> 00:15:11,539","not that I feel like a loser, but usually feel like the alternative, alternative to money.",不是說我感覺自己像輸家，但通常感覺像是金錢的替代選項。
"00:15:19,140 --> 00:15:23,377","I mean i'm proud of all our games and I wouldn't switch them with anyone else's games,",我是為我們所有的遊戲感到自豪，我不會用別人的遊戲來交換，
"00:15:23,377 --> 00:15:27,233","but usually walking in a convention like that, you're talking to the, you know, the people who made Uncharted",但通常在那樣的會議上，你在和，比方說是《失落的未來》的製作人談話，
"00:15:27,233 --> 00:15:29,146","and they're, they're really nice and you're like, ah.",他們真的很友善，你會想，啊。
"00:15:29,146 --> 00:15:30,780",Congratulations on the game.,恭喜你們的遊戲。
"00:15:30,780 --> 00:15:32,323",Did really well for you.,對你們來說真的很好。
"00:15:32,323 --> 00:15:38,767","And like, you don't often feel like, you feel like they're like the family member who's like still living at home.",而且，你不會經常感覺到，像是一個還住在家的家庭成員一樣。
"00:15:38,767 --> 00:15:40,217","You know, like yeah.",你知道，像是，是啊。
"00:15:40,217 --> 00:15:44,838","They're all really nice to us, but you know, we haven't, it's different when you make a bunch of money.",他們對我們都很友好，但你知道，當你賺大錢時，感覺會不同。
"00:15:44,838 --> 00:15:47,922",Schafer: And we raised 1.7 million dollars on Kickstarter.,Schafer:  我們在 Kickstarter 上籌集了 170 萬美元。
"00:15:47,922 --> 00:15:52,980",[Applause] Schafer: Is that auto refreshing?,[ 掌聲 ] Schafer:  那是不是自動重新整理？
"00:15:52,980 --> 00:15:53,480",Everyone: Yes.,大家：是的。
"00:15:53,520 --> 00:15:56,572","Schafer: We were in the hotel room and I was listening on the Skype, on the iPad",Schafer:  我們在酒店房間裡，我在 iPad 上聽 Skype，
"00:15:56,572 --> 00:16:02,611","and you just remember like, click, click, aha, aha, then all of a sudden, whooo!",你只是記得，點選，點選，啊哈，啊哈，然後突然，喔！
"00:16:02,920 --> 00:16:04,980",Schafer: Distortion sound as everyone lost their shit.,Schafer:  失真聲音，當每個人都瘋狂起來。
"00:16:05,440 --> 00:16:07,920",And right now we're at almost 2.5 million dollars.,現在我們快到 250 萬美元了。
"00:16:07,999 --> 00:16:10,066",and we have six more days to go.,還有六天的時間。
"00:16:10,066 --> 00:16:13,243","Rice, Offscreen: Everything moved really quickly and I actually didn't really have a chance","Rice,  螢幕外：一切都進展得很快，我其實沒有機會"
"00:16:13,243 --> 00:16:17,066","to like let everything sit in until yesterday, when it finished.",讓一切靜下來，直到昨天，當它完成時。
"00:16:17,066 --> 00:16:21,073","And I was like, finally it like hit me and it was like, holy crap.",我終於意識到，然後就像，天啊。
"00:16:21,073 --> 00:16:24,615",We did something really crazy here.,我們在這裡做了一件非常瘋狂的事。
"00:16:25,720 --> 00:16:26,380",Schafer: 2 minutes!,Schafer:  兩分鐘！
"00:16:27,010 --> 00:16:35,080",[Crowd shouting and cheering] So like we cleared in advance,[ 人群喊叫和歡呼 ]  所以像我們提前清理了一樣
"00:16:35,080 --> 00:16:38,400",I'm going to shake this up and I'm going to spray it all over your head.,我要把這攪亂，我要把它噴到你頭上。
"00:16:40,594 --> 00:16:41,554",Why is that...,為什麼是那個 ...
"00:16:42,000 --> 00:16:42,940",Ron!,Ron!
"00:16:43,329 --> 00:16:45,309","My God, that's terrible for your teeth.",我的天啊，這對你的牙齒太糟糕了。
"00:16:45,309 --> 00:16:46,020",Offscreen: Two minutes!,螢幕外：兩分鐘！
"00:16:46,240 --> 00:16:47,280",Two minutes.,兩分鐘。
"00:16:47,420 --> 00:16:54,960",[Pop] Offscreen: Premature! Premature!, [ 砰 ]  螢幕外：過早了！過早了！
"00:16:55,440 --> 00:17:01,272","Gilbert: There's still a part of my skeptical pessimistic brain that says, well, you can never do this again.",Gilbert:  我的懷疑悲觀的腦海中仍然有一部分在說，嗯，你永遠無法再這麼做了。
"00:17:01,272 --> 00:17:06,079",That this was really kind of this one time perfect storm thing.,這真的只是一次完美風暴的情況。
"00:17:06,079 --> 00:17:10,114","But I don't know. I mean, maybe not.",但我不知道。我的意思，也許不會。
"00:17:10,319 --> 00:17:31,520",[Music] [Cheering],[ 音樂 ] [ 歡呼 ]
"00:17:32,040 --> 00:17:35,515","I've been so happy about that ever since Kickstarter started,",自從 Kickstarter 開始以來，我一直很高興，
"00:17:35,515 --> 00:17:37,672","just thinking about how, I still have to answer to people.",只是想到，我仍然要對人們負責。
"00:17:37,672 --> 00:17:39,646","Like people funded the game, you know.",像人們資助了這個遊戲，你知道的。
"00:17:39,646 --> 00:17:41,827",But they're exactly the people I want to answer to.,但他們正是我想要負責的人。
"00:17:41,827 --> 00:17:43,864","Those are the people I'm making dots for, right?",那些就是我要為之製作點的那些人，對吧？
"00:17:43,864 --> 00:17:50,544","And all those things like, and so it's like, it's just this really liberating,",而且這一切，所以這真的是一個解放性的，
"00:17:50,544 --> 00:17:54,615","freeing thing to just think that I'm just going to have to worry about how good the game is, almost nothing else.",讓我只須擔心遊戲有多好，幾乎沒有其他的事情。
"00:17:54,820 --> 00:18:05,240",[Music] Schafer: I love you guys!,[ 音樂 ] Schafer:  我愛你們！
"00:18:05,240 --> 00:18:08,599",It has been an amazing experience. So much love.,這是一次驚人的體驗。滿滿的愛。
"00:18:08,599 --> 00:18:13,747","We know there's not, it's not all about us and Double Fine, but about you, the fans and what you guys want to say",我們知道這不全是關於我們和 Double Fine，而是關於你們，粉絲，和你們想要說的話
"00:18:13,747 --> 00:18:15,939",and do with your money and choose to do.,以及你們用錢和選擇做的事情。
"00:18:15,939 --> 00:18:18,375",And make things happen for yourself.,並為自己實現一些事情。
"00:18:18,375 --> 00:18:22,785","I mean, I don't want to make a huge speech here, because I'll be all choked up.",我的意思是，我不想在這裡發表一個大演講，因為我會哭得啞口無言。
"00:18:22,785 --> 00:18:24,779",Gilbert: Too late.,Gilbert:  太遲了。
"00:18:24,779 --> 00:18:29,837","Schafer: But I just, I don't want to say this is the end of the, you know, the whole game industry as we know it.",Schafer:  但我只是，我不想說這是我們所知的整個遊戲產業的終結。
"00:18:29,837 --> 00:18:32,857","It's not, it's not.",不是，並非如此。
"00:18:32,857 --> 00:18:37,824","And it's not, again it's not like we're total replacement of all publishers and publishing games.",而且還不是，重複一次，我們不是所有出版商和出版遊戲的完全替代品。
"00:18:37,824 --> 00:18:41,803","There's still going to be, there still might be a few games made by publishers after today.",今天之後仍然會有幾個由出版商製作的遊戲。
"00:18:41,803 --> 00:18:43,746",Just a couple games.,只是幾個遊戲。
"00:18:43,746 --> 00:18:48,988","But it does mean if you've ever been told that your part of a niche market, if you've ever like, if you've ever like,",但這確實意味著，如果你曾被告知你是某個小眾市場的一部分，如果你曾經像，
"00:18:48,988 --> 00:18:52,658",when you're a kid and you had your favorite TV show cancelled or you hear about your favorite band,當你還是孩子時，你最喜歡的電視節目被取消了，或者你聽說你最喜歡的樂隊
"00:18:52,658 --> 00:18:56,576",being dropped by their label for not selling enough and you've just been like why does a big company get to choose,被他們的唱片公司解僱因為銷量不夠，而你只是想，為什麼大公司能夠選擇
"00:18:56,576 --> 00:19:00,924","what music I listen to or what movies I watch or what TV shows I watch or what game I get to play,",我聽什麼音樂，看什麼電影，觀看什麼電視節目，或者玩什麼遊戲，
"00:19:00,924 --> 00:19:04,377",now you know that they can't do that anymore.,現在你知道他們不能再那樣做了。
"00:19:04,377 --> 00:19:06,784",You can choose. So thanks everybody.,你可以選擇。因此，謝謝大家。
"00:19:06,784 --> 00:19:12,940",[Cheering] Thank you to the team!, [ 掌聲 ] 謝謝團隊！
"00:19:13,060 --> 00:19:14,260",Everybody!,大家！
"00:19:16,460 --> 00:19:21,335",Thanks to my parents for backing the project and everybody else's parents who backed the project.,感謝我的父母支援這個專案，還有其他所有支援這個專案的父母。
"00:19:21,335 --> 00:19:24,939",Does anybody else want to thank anybody?,還有其他人想要感謝誰嗎？
"00:19:25,080 --> 00:19:26,120",Kipnis: Thank you Tim!,Kipnis:  謝謝你，Tim！
"00:19:26,260 --> 00:19:27,220",Thank you!,謝謝！
"00:19:27,502 --> 00:19:30,984",Thanks everyone and now we dance.,謝謝大家，現在我們跳舞吧。
"00:19:31,360 --> 00:19:37,320",[Cheering] Ron's dancing!, [ 掌聲 ] Ron 在跳舞！
"00:19:41,479 --> 00:20:15,879",[Music],[ 音樂 ]
